id,destination_id,name,district,description,map_link,things_to_do,best_time_from,best_time_to,image,created_at
1,1,Sandhan Valley,Ahmednagar,"Sandhan Valley: The Grand Canyon of MaharashtraEmbark on an unforgettable adventure into the """"Valley of Shadows,"""" a stunning 300-foot deep canyon carved by water over millions of years. Located near the majestic Bhandardara region, Sandhan Valley offers a unique and exhilarating trekking experience through narrow ravines where sunlight rarely reaches the floor.Why it belongs on your bucket list:Thrilling Descent: Experience the adrenaline rush of rappelling down vertical rock faces and navigating through knee-deep water pools.Awe-Inspiring Scenery: Be mesmerized by the towering rock walls, dramatic rock formations, and the serene beauty of the Western Ghats.Starlit Nights: Camp under a blanket of countless stars in one of Maharashtra's best locations for stargazing and night photography.Ultimate Adventure: Test your limits with a trek that combines rock climbing, trekking, and rappelling in a truly spectacular setting.The Experience:The journey begins at the quaint village of Samrad, leading you into the heart of the canyon. You'll traverse through narrow passages, conquer challenging rock patches, and ultimately reach the base, where you can relax and soak in the incredible surroundings.Best Time to Go: November to February for ideal weather and clear skies.
https://www.instagram.com/reel/DXrIJW9I2b9/?utm_source=ig_web_copy_link&igsh=MzRlO",https://maps.app.goo.gl/wrbpgmC2Ab8vVURYA,"Trekking, Waterfalls, Mountain",November,February,Sandhan-Valley.jpg,2026-05-03T14:08:40.872968
2,3,Tosh Village,Kullu,"""The Vibe: Known as the """"last hippie colony"""" of the Parvati Valley, Tosh is where traditional Himachali mountain life meets a laid-back, bohemian backpacker spirit.

The Scenery: Perched at 2,400 metres (7,874 ft), the village offers panoramic 360-degree views of snow-capped peaks like Papasura and White Sail.

The Experience: Itâ€™s a place to truly disconnect. With limited mobile signal and no motorable roads inside the village, your days are filled with the sound of the Tosh River, the aroma of fresh apple orchards, and the comfort of cozy wooden cafes serving world-class Israeli and local cuisine.

Adventure Hub: Itâ€™s the gateway to legendary trails like the Kheerganga Trek and the hidden meadows of Kutla

The local Tosh Waterfall is a must-visit short hike

https://www.instagram.com/reel/DXyRnu9ojoC/?utm_source=ig_web_copy_link&igsh=MzRlODBiNWFlZA==""
",https://maps.app.goo.gl/qAYu1eKNmTghqc6c9,"Trekking, Waterfalls, Mountain",April,November,village_tosh_in_Himachal_Pradesh.jpg,2026-05-03T14:33:47.843457
3,4,Wildsherpas campsite (yellapatty),Munnar,"https://www.instagram.com/reel/DXbsEM0k6hq/?utm_source=ig_web_copy_link&igsh=MzRlODBiNWFlZA==

95628 79911 and 9447879922
contact above for bookings 📍
Welcome to Wildsherpas campsite,
nestled in the charming Yellapetty village, just a short 26 km drive from Munnar. At an elevation of 7000 ft, you'll be greeted with breathtaking views of the Kolukkumalai hills and Meeshapuli Hills. The latter is the second highest peak in south India ( 2640 meters).
this is where the mountains feel raw and untouched ☁️
Wake up to bed of clouds,
and walk through forest trails,
and watch endless sunsets through the valleys
Slow mornings, misty evenings,
and nights filled with bonfires & stars ✨
This isn’t just a campsite
it’s a mountain experience 🌿
",https://share.google/7ypV3xM3Kv86OK89E,"Trekking, Mountain, Stay",November,January,Wildsherpas_campsite.webp,2026-05-03T14:54:54.365578
4,1,Mangi Tungi,Nashik,"Travel Tip: It is highly recommended to start the climb early (around 5 AM) to avoid the heat and finish the trek in 5–6 hours.

Statue of Ahimsa: The site is home to the world's tallest Jain statue, a 108-foot-tall monolithic idol of Lord Rishabhdev (the first Tirthankara), carved directly into the mountain rock. It is officially recorded in the Guinness Book of World Records.

Spiritual Significance: Known as a Siddha Kshetra, it is believed that 99 crore (990 million) ascetics, including legendary figures like Ram, Hanuman, and Sugriva, attained salvation (Moksha) here.

Ancient Caves & Temples: The hills are dotted with ancient rock-cut caves and temples dedicated to various Jain Tirthankaras like Adinatha and Shantinatha.

Trekking & Adventure: For adventure seekers, the trek involves climbing over 3,500 to 4,500 stone steps. It offers panoramic views of the surrounding Baglan region and the Sahyadri mountain range.

https://www.instagram.com/reel/DXyJGIJp5Wi/?utm_source=ig_web_copy_link&igsh=MzRlODBiNWFlZA==",https://maps.app.goo.gl/q3D6fGegHe924MMV9,"Trekking, Mountain, Temples",October,February,Mangi_Tungi.jpg,2026-05-03T15:08:34.753754
5,1,kumbhe waterfalls,Raigad,"Unique Tunnel Experience: The journey includes passing through the Kumbhe Tunnel, a 200-meter-long, unplastered tunnel that feels like driving through a cave.
Kumbhe Viewpoint: A short 5 to 10-minute walk offering the classic front-facing vista.

https://www.instagram.com/reel/DXQ3HkZj6s2/?utm_source=ig_web_copy_link&igsh=MzRlODBiNWFlZA==",https://maps.app.goo.gl/cPNyGbhpVhoDE4B5A,"Trekking, Waterfalls, Mountain",June,September,kumbe_waterfalls.jpg,2026-05-03T16:35:28.015137
6,5,Turtuk,Leh,"Turtuk is a scenic, remote village in Ladakh's Nubra Valley along the Shyok River, famous as the last major village before the India-Pakistan border. Formerly part of Pakistan-occupied Kashmir, it was annexed by India in 1971. Known for its unique Balti culture, lush apricot orchards, and natural cold storage, it offers breathtaking views of the Karakoram Range.

Situated in the Leh district of Ladakh, roughly 205 km from Leh and 2.5 km from the Line of Control.

Key Highlights: Visitors often visit the natural ""cold storage"" (underground chambers for food), the 16th-century mosque, a local monastery, and hiking to the waterfall.

Permits: An Inner Line Permit (ILP) is mandatory for Indian tourists, and Protected Area Permit (PAP) for foreign tourists, which can be acquired online through the official Ladakh portal or in Leh.Connectivity: Network connectivity is very poor, with BSNL often being the only option, making it a good place to disconnect.Accommodation: Several homestays and guest houses are available for accommodation in Turtuk, Nubra Valley.

https://www.instagram.com/reel/DXqhYJYiDM8/?utm_source=ig_web_copy_link&igsh=MzRlODBiNWFlZA==",https://share.google/7bLxqxmOJFtJbzard,"Mountain, Culture, City",May,October,Turtuk.avif,2026-05-03T16:57:42.808689
7,5,Phugtal Monastery trek,Kargil,"The Phugtal Monastery trek is a 2–3 day journey into the remote Lungnak Valley of Zanskar, Ladakh, leading to a 12th-century ""honeycomb"" cave monastery. Typically starting from Purne or Cha village near Padum, the moderate, high-altitude trail spans 7-8 km each way, offering stunning views of the Tsarap River and Himalayan landscape, best visited between June and September.

https://www.instagram.com/reel/DXt8BmljtYc/?utm_source=ig_web_copy_link&igsh=MzRlODBiNWFlZA==",https://maps.app.goo.gl/KrsksucGqYgZnF4d8,"Trekking, Mountain, Historical Sites, Culture",June,September,Phugtal_Monastery.jpg,2026-05-03T17:02:48.999091
8,6,Annapurna Base Camp (ABC),nepal,"The Annapurna Base Camp (ABC) Trek, also known as the Annapurna Sanctuary Trek, is one of Nepal's most iconic and scenic journeys, culminating in a spectacular 360-degree mountain amphitheater at an altitude of 4,130m (13,550 ft)

Duration: Typically 7 to 11 days, depending on the starting point and pace 

Permits: Required permits include the Annapurna Conservation Area Permit (ACAP) and the TIMS (Trekkers' Information Management System) card [23, 26]. Note that as of April 2023, solo trekking is prohibited, and a government-licensed guide is generally mandatory 

https://www.instagram.com/reel/DXofZYnjh6E/?utm_source=ig_web_copy_link&igsh=MzRlODBiNWFlZA==


",https://share.google/GQWHFhz5s6dfhDeie,"Trekking, Mountain",April,May,annapurnabasecamp-.jpg,2026-05-03T17:19:55.818630
9,7,Dong Valley,Anjaw ,"Dong Valley, located in the Anjaw district of Arunachal Pradesh, India, is famed for witnessing the first sunrise in India. Situated at the confluence of the Lohit and Lati rivers near Walong, this picturesque spot features snow-capped mountains and pine forests at an elevation of 1,240 meters. Visitors trek roughly 1–2 hours in the early morning to reach the viewpoint.
The Trek: A 2-hour, fairly steep, stepped trek starting around 2-3 AM from Dong village is required to catch the sunrise.


https://www.instagram.com/reel/DXjhhzrknWt/?utm_source=ig_web_copy_link&igsh=MzRlODBiNWFlZA==",https://share.google/D7BOw5Z6CCwrg9043,"Trekking, Mountain",October,March,Dong_Valley.jpg,2026-05-03T17:32:40.936662
